dataset,site,model,MLE,Lower,Upper,MLErank,medianrank,rankside,sdrank,withinsd,unbounded
1CF2_O,130,gcpREV,1.00953096858,0.780793923998,1.2852472867,233,238,-1,137.1580750548163,TRUE,FALSE
1CF2_O,130,JC69,2.27058910969,1.8682148197,2.73377920636,381,238,1,137.14836894941635,FALSE,FALSE
1CF2_O,130,JTT,1.05962614316,0.819739957979,1.34741682487,247,238,1,137.1583057779654,TRUE,FALSE
1CF2_O,130,LG,1.00906609704,0.78028388958,1.28290426995,237,238,-1,137.15827886028467,TRUE,FALSE
1CF2_O,130,mtVer,0.781194979213,0.600178659997,1.0012984942,209,238,-1,137.15833269564084,TRUE,FALSE
1CF2_O,130,WAG,1.13298784329,0.878133285386,1.43762353449,256,238,1,137.15836345869204,TRUE,FALSE
1EUU_A,321,gcpREV,2.56808338368,0.321874674494,33.0618369151,1761,1127,1,649.0628197339018,TRUE,FALSE
1EUU_A,321,JC69,0.852740151925,0.198045358373,3.03272711833,842,1127,-1,649.0580454464701,TRUE,FALSE
1EUU_A,321,JTT,1.04485564705,0.234899683487,19.2333528509,1014,1127,-1,649.0600268980319,TRUE,FALSE
1EUU_A,321,LG,1.30329749426,0.252461637949,23.4543175809,1171.5,1127,1,649.0571341648607,TRUE,FALSE
1EUU_A,321,mtVer,3.65793297941,0.316749983743,65.7217245255,1892,1127,1,649.0574177432464,FALSE,FALSE
1EUU_A,321,WAG,1.02845662243,0.242155616961,10.4075331064,998,1127,-1,649.0561235096424,TRUE,FALSE
1GA8_A,122,gcpREV,1.59021650553,0.541194279501,6.53675266393,262,250.5,1,144.47084012801542,TRUE,FALSE
1GA8_A,122,JC69,0.926725484242,0.257358580733,3.49670896122,157,250.5,-1,144.46733062958725,TRUE,FALSE
1GA8_A,122,JTT,1.2422865448,0.341248693783,4.68639717371,216.5,250.5,-1,144.4711348942593,TRUE,FALSE
1GA8_A,122,LG,1.4783489513,0.428996659554,5.29591662975,251,250.5,1,144.47150941991345,TRUE,FALSE
1GA8_A,122,mtVer,3.50131776676,1.00650881814,11.4099877867,417,250.5,1,144.46926918718376,FALSE,FALSE
1GA8_A,122,WAG,1.29247965928,0.386418185607,4.29025673384,232,250.5,-1,144.46931773748733,TRUE,FALSE
1L7N_A,225,gcpREV,1.08115822489,0.814897740357,1.41065401976,129,133,-1,76.6266529309087,TRUE,FALSE
1L7N_A,225,JC69,2.4314021402,1.93244773417,3.01952405666,217,133,1,76.62666528913634,FALSE,FALSE
1L7N_A,225,JTT,1.17236197697,0.884965458771,1.5237955308,131,133,-1,76.62666528913634,TRUE,FALSE
1L7N_A,225,LG,1.11322014096,0.840037698638,1.44897583556,131,133,-1,76.626677647362,TRUE,FALSE
1L7N_A,225,mtVer,0.935335102171,0.699644495622,1.23259847066,117,133,-1,76.626677647362,TRUE,FALSE
1L7N_A,225,WAG,1.2426191376,0.939402902023,1.61196364454,139,133,1,76.626677647362,TRUE,FALSE
1MHY_D,202,gcpREV,0.788519113371,0.345976804383,1.58474907914,253,316.5,-1,182.37248112050113,TRUE,FALSE
1MHY_D,202,JC69,2.02564622671,1.12206453835,3.40581943882,503,316.5,1,182.37069317899292,FALSE,FALSE
1MHY_D,202,JTT,0.84536941831,0.377738034814,1.64207075154,280,316.5,-1,182.372489810332,TRUE,FALSE
1MHY_D,202,LG,0.818773178429,0.363954453655,1.60455026757,273,316.5,-1,182.37247677558554,TRUE,FALSE
1MHY_D,202,mtVer,0.573127720297,0.25089664929,1.15849964608,201,316.5,-1,182.37248112050113,TRUE,FALSE
1MHY_D,202,WAG,0.935954969772,0.418948387527,1.81019770118,297,316.5,-1,182.37247894804335,TRUE,FALSE
1POW_A,538,gcpREV,0.808062907119,0.630602879372,1.01965742676,370,420.5,-1,242.49659570248485,TRUE,FALSE
1POW_A,538,JC69,2.08058366945,1.72597282001,2.48542396086,671,420.5,1,242.4916055954659,FALSE,FALSE
1POW_A,538,JTT,0.880281935834,0.687805102338,1.10806101659,384,420.5,-1,242.49659570248485,TRUE,FALSE
1POW_A,538,LG,0.847295339035,0.661538643158,1.0678607143,389,420.5,-1,242.49659201615952,TRUE,FALSE
1POW_A,538,mtVer,0.626589416921,0.487650977955,0.793489234596,305,420.5,-1,242.49604152428213,TRUE,FALSE
1POW_A,538,WAG,0.962880020001,0.752964042317,1.21105573198,416,420.5,-1,242.49659693125994,TRUE,FALSE
1YCF_A,147,gcpREV,0.824145595763,0.643887828878,1.0393721842,234,304.5,-1,175.54631834555445,TRUE,FALSE
1YCF_A,147,JC69,2.29613238528,1.93064776255,2.71059356799,495,304.5,1,175.54470886513116,FALSE,FALSE
1YCF_A,147,JTT,0.815968379222,0.639199774065,1.02551809585,235,304.5,-1,175.54635119194006,TRUE,FALSE
1YCF_A,147,LG,0.809969683225,0.633915158016,1.01922048298,242,304.5,-1,175.5461517673614,TRUE,FALSE
1YCF_A,147,mtVer,0.576029527095,0.447963039511,0.73024404471,188,304.5,-1,175.54621980636077,TRUE,FALSE
1YCF_A,147,WAG,0.927041051951,0.727176401705,1.16339796326,260,304.5,-1,175.54631834555445,TRUE,FALSE
ATP8,28,gcpREV,0.868570671098,0.670288730125,1.10770194552,38,40.5,-1,23.226458068986318,TRUE,FALSE
ATP8,28,JC69,1.94614599216,1.57979678151,2.37300448436,64,40.5,1,23.224959293338173,FALSE,FALSE
ATP8,28,JTT,0.917647697303,0.709947214087,1.16622063232,40,40.5,-1,23.226458068986318,TRUE,FALSE
ATP8,28,LG,0.87648156885,0.677751745052,1.11428127759,40,40.5,-1,23.226458068986318,TRUE,FALSE
ATP8,28,mtVer,0.704211766041,0.541809999979,0.899901422639,34,40.5,-1,23.226458068986318,TRUE,FALSE
ATP8,28,WAG,0.97263054208,0.752748622787,1.23532952253,42,40.5,1,23.226458068986318,TRUE,FALSE
matK,30,gcpREV,1.0264182351,0.163955074802,3.62557368883,394,387,1,223.1018001102529,TRUE,FALSE
matK,30,JC69,2.87164678051,0.848651789608,7.95592509769,684,387,1,223.09467454040708,FALSE,FALSE
matK,30,JTT,0.957071881556,0.154086232864,3.3047815324,367,387,-1,223.10182478589888,TRUE,FALSE
matK,30,LG,0.93218933463,0.149552899128,3.26565465273,363,387,-1,223.1018001102529,TRUE,FALSE
matK,30,mtVer,0.711179821356,0.111581785102,2.6703730082,269,387,-1,223.10186107360863,TRUE,FALSE
matK,30,WAG,1.04376992594,0.168726420314,3.56259450105,404,387,1,223.10179720723553,TRUE,FALSE
matK,432,gcpREV,1.02445428908,0.235664476755,3.28604606904,392,387,1,223.1018001102529,TRUE,FALSE
matK,432,JC69,2.589946739,0.805053112369,6.79255307975,670,387,1,223.09467454040708,FALSE,FALSE
matK,432,JTT,0.975958734936,0.230780857399,2.95656077437,378,387,-1,223.10182478589888,TRUE,FALSE
matK,432,LG,0.905047932834,0.211759689903,2.81435125372,352,387,-1,223.1018001102529,TRUE,FALSE
matK,432,mtVer,0.743462144653,0.170199116,2.42606145571,282,387,-1,223.10186107360863,TRUE,FALSE
matK,432,WAG,1.02831936239,0.243328552745,3.12635735318,395,387,1,223.10179720723553,TRUE,FALSE
rps3,117,gcpREV,0.665826974912,0.362476204672,1.11395764647,152,157,-1,90.07435496897506,TRUE,FALSE
rps3,117,JC69,2.03620097509,1.3209520294,2.98308732346,255,157,1,90.07420374051152,FALSE,FALSE
rps3,117,JTT,0.63762532027,0.348126089596,1.06192086911,151,157,-1,90.07439055210605,TRUE,FALSE
rps3,117,LG,0.607564736792,0.331204969398,1.01258437755,145,157,-1,90.07439055210605,TRUE,FALSE
rps3,117,mtVer,0.376961527851,0.20469587586,0.633225303669,126,157,-1,90.07435496897506,TRUE,FALSE
rps3,117,WAG,0.747669651988,0.408585121585,1.24325847279,163,157,1,90.07439055210605,TRUE,FALSE
ycf1,383,gcpREV,0.601680994475,0.0306951211183,35.2197727404,3087,3516,-1,1992.3938193096585,TRUE,FALSE
ycf1,383,JC69,4.11554098828,0.402818616724,152.534525951,6192.5,3516,1,1992.389782098933,FALSE,FALSE
ycf1,383,JTT,0.590698994254,0.0306355338535,41.1307429705,3027.5,3516,-1,1992.3905223800843,TRUE,FALSE
ycf1,383,LG,0.565507621651,0.0291620477004,35.923015375,3013,3516,-1,1992.3914110205335,TRUE,FALSE
ycf1,383,mtVer,0.357829487687,0.0177437343875,13.5384492314,2696,3516,-1,1992.395514875395,TRUE,FALSE
ycf1,383,WAG,0.696305631867,0.0362866289068,54.7921147068,3224.5,3516,-1,1992.390573677676,TRUE,FALSE
ycf1,518,gcpREV,0.611567172113,0.0317708702912,6.61841637541,3107,3516,-1,1992.3938193096585,TRUE,FALSE
ycf1,518,JC69,2.99652738811,0.395727504877,23.788102188,5906,3516,1,1992.389782098933,FALSE,FALSE
ycf1,518,JTT,0.608089824969,0.031977378346,6.64475638364,3056,3516,-1,1992.3905223800843,TRUE,FALSE
ycf1,518,LG,0.583351638715,0.0305831745905,6.26353423122,3037,3516,-1,1992.3914110205335,TRUE,FALSE
ycf1,518,mtVer,0.352394839395,0.0178898224674,4.15109071703,2684,3516,-1,1992.395514875395,TRUE,FALSE
ycf1,518,WAG,0.728240267441,0.038549572477,8.34993588954,3312,3516,-1,1992.390573677676,TRUE,FALSE
ycf1,533,gcpREV,0.556247501326,0.0288193735028,6.65363888555,3000.5,3516,-1,1992.3938193096585,TRUE,FALSE
ycf1,533,JC69,2.9727423109,0.380316390343,28.3628518579,5901,3516,1,1992.389782098933,FALSE,FALSE
ycf1,533,JTT,0.56312049545,0.0295362292279,7.8883642985,2976.5,3516,-1,1992.3905223800843,TRUE,FALSE
ycf1,533,LG,0.540519695591,0.028145575485,7.30873321013,2967.5,3516,-1,1992.3914110205335,TRUE,FALSE
ycf1,533,mtVer,0.323181016956,0.0162290551418,4.81221501845,2637.5,3516,-1,1992.395514875395,TRUE,FALSE
ycf1,533,WAG,0.677179721495,0.0357109654078,9.88812164267,3190.5,3516,-1,1992.390573677676,TRUE,FALSE
ycf1,553,gcpREV,0.556247501326,0.0288193735028,6.65363888555,3000.5,3516,-1,1992.3938193096585,TRUE,FALSE
ycf1,553,JC69,2.9727423109,0.380316390343,28.3628518579,5901,3516,1,1992.389782098933,FALSE,FALSE
ycf1,553,JTT,0.56312049545,0.0295362292279,7.8883642985,2976.5,3516,-1,1992.3905223800843,TRUE,FALSE
ycf1,553,LG,0.540519695591,0.028145575485,7.30873321013,2967.5,3516,-1,1992.3914110205335,TRUE,FALSE
ycf1,553,mtVer,0.323181016956,0.0162290551418,4.81221501845,2637.5,3516,-1,1992.395514875395,TRUE,FALSE
ycf1,553,WAG,0.677179721495,0.0357109654078,9.88812164267,3190.5,3516,-1,1992.390573677676,TRUE,FALSE
ycf1,1845,gcpREV,0.687814348025,0.149989971696,2.96628992951,3259,3516,-1,1992.3938193096585,TRUE,FALSE
ycf1,1845,JC69,4.36259516789,0.271003934606,149.043195899,6226,3516,1,1992.389782098933,FALSE,FALSE
ycf1,1845,JTT,0.840818850348,0.186047236053,4.34542111584,3519,3516,1,1992.3905223800843,TRUE,FALSE
ycf1,1845,LG,0.787386382184,0.171032261351,4.03645126635,3415.5,3516,-1,1992.3914110205335,TRUE,FALSE
ycf1,1845,mtVer,0.801723179309,0.179396707304,3.53329553152,3475.5,3516,-1,1992.395514875395,TRUE,FALSE
ycf1,1845,WAG,0.703331503049,0.159371496402,3.08880280649,3242,3516,-1,1992.390573677676,TRUE,FALSE
ycf1,4785,gcpREV,0.43455679383,0.0221524079924,35.0153859939,2788,3516,-1,1992.3938193096585,TRUE,FALSE
ycf1,4785,JC69,3.23765392177,0.304495089948,150.998281917,5996,3516,1,1992.389782098933,FALSE,FALSE
ycf1,4785,JTT,0.423178919158,0.0219358045394,40.9267669185,2730,3516,-1,1992.3905223800843,TRUE,FALSE
ycf1,4785,LG,0.405383237951,0.0208461952909,35.7294833906,2712,3516,-1,1992.3914110205335,TRUE,FALSE
ycf1,4785,mtVer,0.254078039646,0.0126108391269,13.284761394,2527.5,3516,-1,1992.395514875395,TRUE,FALSE
ycf1,4785,WAG,0.506589508835,0.0264369463401,54.5611152502,2883,3516,-1,1992.390573677676,TRUE,FALSE
ycf1,5045,gcpREV,0.494655320195,0.0257565857697,5.12135011404,2886,3516,-1,1992.3938193096585,TRUE,FALSE
ycf1,5045,JC69,2.35945959277,0.316933197625,18.552941027,5646,3516,1,1992.389782098933,FALSE,FALSE
ycf1,5045,JTT,0.49156755277,0.0259217093788,4.9771722341,2849,3516,-1,1992.3905223800843,TRUE,FALSE
ycf1,5045,LG,0.471924407482,0.0247674175292,4.741635585,2853,3516,-1,1992.3914110205335,TRUE,FALSE
ycf1,5045,mtVer,0.289800324241,0.0147543615567,3.20170753855,2587,3516,-1,1992.395514875395,TRUE,FALSE
ycf1,5045,WAG,0.585175564181,0.0310465777896,6.17597436752,3033,3516,-1,1992.390573677676,TRUE,FALSE
